writer_id,title,created_at,updated_at
1,WFS,2024-07-17 00:00:00,2024-07-18 00:00:00
1,Transportation Management,2024-07-17 00:00:00,2024-07-18 00:00:00
1,Customer Engagement,2024-07-17 00:00:00,2024-07-18 00:00:00
1,ICD-9-CM,2024-07-17 00:00:00,2024-07-18 00:00:00
1,AKTA,2024-07-17 00:00:00,2024-07-18 00:00:00
1,FCIP,2024-07-17 00:00:00,2024-07-18 00:00:00
1,mTAB,2024-07-17 00:00:00,2024-07-18 00:00:00
1,NRI Services,2024-07-17 00:00:00,2024-07-18 00:00:00
1,UEFI,2024-07-17 00:00:00,2024-07-18 00:00:00
1,JNDI,2024-07-17 00:00:00,2024-07-18 00:00:00
1,Charitable Giving,2024-07-17 00:00:00,2024-07-18 00:00:00
1,Banking,2024-07-17 00:00:00,2024-07-18 00:00:00
1,Payment by Results,2024-07-17 00:00:00,2024-07-18 00:00:00
1,Administration,2024-07-17 00:00:00,2024-07-18 00:00:00
1,DFSS Green Belt,2024-07-17 00:00:00,2024-07-18 00:00:00
1,RCMS,2024-07-17 00:00:00,2024-07-18 00:00:00
1,Juvederm,2024-07-17 00:00:00,2024-07-18 00:00:00
1,EIGRP,2024-07-17 00:00:00,2024-07-18 00:00:00
1,TMMi,2024-07-17 00:00:00,2024-07-18 00:00:00
1,Two-phase Flow,2024-07-17 00:00:00,2024-07-18 00:00:00
1,HP QTP,2024-07-17 00:00:00,2024-07-18 00:00:00
1,PTT,2024-07-17 00:00:00,2024-07-18 00:00:00
1,QMF,2024-07-17 00:00:00,2024-07-18 00:00:00
1,WF,2024-07-17 00:00:00,2024-07-18 00:00:00
1,SBA,2024-07-17 00:00:00,2024-07-18 00:00:00
1,Smartboard,2024-07-17 00:00:00,2024-07-18 00:00:00
1,RS Means,2024-07-17 00:00:00,2024-07-18 00:00:00
1,Security Awareness,2024-07-17 00:00:00,2024-07-18 00:00:00
1,HMI Configuration,2024-07-17 00:00:00,2024-07-18 00:00:00
1,Global Health,2024-07-17 00:00:00,2024-07-18 00:00:00
1,Insurance,2024-07-17 00:00:00,2024-07-18 00:00:00
1,Multilingual,2024-07-17 00:00:00,2024-07-18 00:00:00
1,Architectural Design,2024-07-17 00:00:00,2024-07-18 00:00:00
1,Crystal Reports,2024-07-17 00:00:00,2024-07-18 00:00:00
1,Cross-functional Coordination,2024-07-17 00:00:00,2024-07-18 00:00:00
1,Mycobacteriology,2024-07-17 00:00:00,2024-07-18 00:00:00
1,Retirement Planning,2024-07-17 00:00:00,2024-07-18 00:00:00
1,ALM,2024-07-17 00:00:00,2024-07-18 00:00:00
1,EES,2024-07-17 00:00:00,2024-07-18 00:00:00
1,CNC,2024-07-17 00:00:00,2024-07-18 00:00:00
1,Pharmaceutics,2024-07-17 00:00:00,2024-07-18 00:00:00
1,Lymphoma,2024-07-17 00:00:00,2024-07-18 00:00:00
1,Titration,2024-07-17 00:00:00,2024-07-18 00:00:00
1,Tax Advisory,2024-07-17 00:00:00,2024-07-18 00:00:00
1,GMRA,2024-07-17 00:00:00,2024-07-18 00:00:00
1,TMG,2024-07-17 00:00:00,2024-07-18 00:00:00
1,DB2,2024-07-17 00:00:00,2024-07-18 00:00:00
1,VMware Infrastructure,2024-07-17 00:00:00,2024-07-18 00:00:00
1,Guest Service Management,2024-07-17 00:00:00,2024-07-18 00:00:00
1,Owners Representative,2024-07-17 00:00:00,2024-07-18 00:00:00
1,Gnome,2024-07-17 00:00:00,2024-07-18 00:00:00
1,WS-*,2024-07-17 00:00:00,2024-07-18 00:00:00
1,Zultys,2024-07-17 00:00:00,2024-07-18 00:00:00
1,RDO,2024-07-17 00:00:00,2024-07-18 00:00:00
1,RHEL,2024-07-17 00:00:00,2024-07-18 00:00:00
1,Branding &amp; Identity,2024-07-17 00:00:00,2024-07-18 00:00:00
1,USDA Rural Housing,2024-07-17 00:00:00,2024-07-18 00:00:00
1,Security Operations,2024-07-17 00:00:00,2024-07-18 00:00:00
1,Karl Fisher,2024-07-17 00:00:00,2024-07-18 00:00:00
1,.htaccess,2024-07-17 00:00:00,2024-07-18 00:00:00
1,HCM Processes &amp; Forms,2024-07-17 00:00:00,2024-07-18 00:00:00
1,DCM,2024-07-17 00:00:00,2024-07-18 00:00:00
1,SDL,2024-07-17 00:00:00,2024-07-18 00:00:00
1,MFR,2024-07-17 00:00:00,2024-07-18 00:00:00
1,VTS,2024-07-17 00:00:00,2024-07-18 00:00:00
1,Health Promotion,2024-07-17 00:00:00,2024-07-18 00:00:00
1,Teaching,2024-07-17 00:00:00,2024-07-18 00:00:00
1,CCNP Certified,2024-07-17 00:00:00,2024-07-18 00:00:00
1,Hyperion Reports,2024-07-17 00:00:00,2024-07-18 00:00:00
1,GSM-R,2024-07-17 00:00:00,2024-07-18 00:00:00
1,Gastroenterology,2024-07-17 00:00:00,2024-07-18 00:00:00
1,JBuilder,2024-07-17 00:00:00,2024-07-18 00:00:00
1,TV Distribution,2024-07-17 00:00:00,2024-07-18 00:00:00
1,Group Dynamics,2024-07-17 00:00:00,2024-07-18 00:00:00
1,Sea Kayaking,2024-07-17 00:00:00,2024-07-18 00:00:00
1,Nielsen Data,2024-07-17 00:00:00,2024-07-18 00:00:00
1,Shotokan Karate,2024-07-17 00:00:00,2024-07-18 00:00:00
1,Venipuncture,2024-07-17 00:00:00,2024-07-18 00:00:00
1,Real Estate Development,2024-07-17 00:00:00,2024-07-18 00:00:00
1,Screening Resumes,2024-07-17 00:00:00,2024-07-18 00:00:00
1,Breaking News,2024-07-17 00:00:00,2024-07-18 00:00:00
1,Plant Identification,2024-07-17 00:00:00,2024-07-18 00:00:00
1,Product Life Cycle,2024-07-17 00:00:00,2024-07-18 00:00:00
1,Mental Health,2024-07-17 00:00:00,2024-07-18 00:00:00
1,Psychological Assessment,2024-07-17 00:00:00,2024-07-18 00:00:00
1,JSA,2024-07-17 00:00:00,2024-07-18 00:00:00
1,QMF,2024-07-17 00:00:00,2024-07-18 00:00:00
1,Personal Training,2024-07-17 00:00:00,2024-07-18 00:00:00
1,Data Quality,2024-07-17 00:00:00,2024-07-18 00:00:00
1,LUSAS,2024-07-17 00:00:00,2024-07-18 00:00:00
1,Immunohistochemistry,2024-07-17 00:00:00,2024-07-18 00:00:00
1,Benefits Negotiation,2024-07-17 00:00:00,2024-07-18 00:00:00
1,Volunteering,2024-07-17 00:00:00,2024-07-18 00:00:00
1,Dutch,2024-07-17 00:00:00,2024-07-18 00:00:00
1,Awareness Raising,2024-07-17 00:00:00,2024-07-18 00:00:00
1,FDM,2024-07-17 00:00:00,2024-07-18 00:00:00
1,European Integration,2024-07-17 00:00:00,2024-07-18 00:00:00
1,Cash Flow,2024-07-17 00:00:00,2024-07-18 00:00:00
1,Image Manipulation,2024-07-17 00:00:00,2024-07-18 00:00:00
1,ATM Networks,2024-07-17 00:00:00,2024-07-18 00:00:00
